{
  "hokkaido_basic": {
    "basic_charge": 4814924.112362555,
    "energy_charge": 11398602.097014919,
    "fuel_adjustment": -4007553.264342396,
    "renewable_levy": 2109085.8366396734,
    "total": 14315058.781674754,
    "peak_demand_kW": 166.82618870686895,
    "annual_buy_kWh": 529921.06448233
  },
  "market_linked": {
    "basic_charge": 5590352.668150855,
    "energy_charge": 6503428.101767354,
    "renewable_levy": 2114764.8000340667,
    "total": 14208545.569952276,
    "peak_demand_kW": 193.69302763471228,
    "annual_buy_kWh": 531347.9397070518
  },
  "cheaper_plan": "market_linked",
  "experiment_params": {
    "horizon": 384,
    "horizon_hours": 192.0,
    "bF_max_kWh": 860.0,
    "time_limit_per_step": 10.0,
    "total_steps": 17520
  },
  "timing": {
    "hokkaido_basic_seconds": 1537.3346090316772,
    "market_linked_seconds": 1640.186264038086,
    "total_seconds": 3188.3037638664246,
    "total_minutes": 53.13839606444041
  }
}