{
  "hokkaido_basic": {
    "basic_charge": 4933364.721131287,
    "energy_charge": 11785248.98570987,
    "fuel_adjustment": -4146293.1670480226,
    "renewable_levy": 2180627.1949384133,
    "total": 14752947.734731548,
    "peak_demand_kW": 170.9298868935707,
    "annual_buy_kWh": 547896.2801352796
  },
  "market_linked": {
    "basic_charge": 6394572.77627703,
    "energy_charge": 6800479.828188461,
    "renewable_levy": 2181267.922649265,
    "total": 15376320.527114756,
    "peak_demand_kW": 221.55742848282546,
    "annual_buy_kWh": 548057.2669973028
  },
  "cheaper_plan": "hokkaido_basic",
  "experiment_params": {
    "horizon": 120,
    "horizon_hours": 60.0,
    "bF_max_kWh": 860.0,
    "time_limit_per_step": 10.0,
    "total_steps": 17520
  },
  "timing": {
    "hokkaido_basic_seconds": 1356.8785090446472,
    "market_linked_seconds": 1260.0591337680817,
    "total_seconds": 2623.2907798290253,
    "total_minutes": 43.72151299715042
  }
}