{
  "hokkaido_basic": {
    "basic_charge": 4814924.112362774,
    "energy_charge": 11428077.164639493,
    "fuel_adjustment": -4017944.2827578858,
    "renewable_levy": 2114539.6148426393,
    "total": 14339596.60908702,
    "peak_demand_kW": 166.82618870687654,
    "annual_buy_kWh": 531291.360513226
  },
  "market_linked": {
    "basic_charge": 6293481.011528771,
    "energy_charge": 6594817.195171982,
    "renewable_levy": 2115042.7693746192,
    "total": 15003340.976075374,
    "peak_demand_kW": 218.05482835267966,
    "annual_buy_kWh": 531417.7812499044
  },
  "cheaper_plan": "hokkaido_basic",
  "experiment_params": {
    "horizon": 120,
    "horizon_hours": 60.0,
    "bF_max_kWh": 860,
    "time_limit_per_step": 10.0,
    "total_steps": 17520
  },
  "timing": {
    "hokkaido_basic_seconds": 1362.9078059196472,
    "market_linked_seconds": 1389.5769839286804,
    "total_seconds": 2775.483311891556,
    "total_minutes": 46.258055198192594
  }
}