{
  "hokkaido_basic": {
    "basic_charge": 5353839.19811609,
    "energy_charge": 11508783.412629765,
    "fuel_adjustment": -4050468.868621996,
    "renewable_levy": 2129472.7095428384,
    "total": 14941626.451666698,
    "peak_demand_kW": 185.49837287734462,
    "annual_buy_kWh": 535043.3943574972
  },
  "market_linked": {
    "basic_charge": 5812758.583803595,
    "energy_charge": 6668853.247576576,
    "renewable_levy": 2131777.870080705,
    "total": 14613389.701460876,
    "peak_demand_kW": 201.39888766248382,
    "annual_buy_kWh": 535622.5804222877
  },
  "cheaper_plan": "market_linked",
  "experiment_params": {
    "horizon": 96,
    "horizon_hours": 48.0,
    "bF_max_kWh": 430.0,
    "time_limit_per_step": 10.0,
    "total_steps": 17520
  },
  "timing": {
    "hokkaido_basic_seconds": 1358.6489100456238,
    "market_linked_seconds": 1175.4217331409454,
    "total_seconds": 2538.798942089081,
    "total_minutes": 42.31331570148468
  }
}