{
  "hokkaido_basic": {
    "basic_charge": 5479102.866357642,
    "energy_charge": 11856325.490514614,
    "fuel_adjustment": -4174930.799853375,
    "renewable_levy": 2193778.496152866,
    "total": 15354276.053171748,
    "peak_demand_kW": 189.83847458372972,
    "annual_buy_kWh": 551200.627174087
  },
  "market_linked": {
    "basic_charge": 5937635.853684563,
    "energy_charge": 6873877.293197834,
    "renewable_levy": 2196170.958950736,
    "total": 15007684.105833132,
    "peak_demand_kW": 205.72560154295223,
    "annual_buy_kWh": 551801.7484800845
  },
  "cheaper_plan": "market_linked"
}