{
  "hokkaido_basic": {
    "basic_charge": 5032225.151373949,
    "energy_charge": 11433342.760032287,
    "fuel_adjustment": -4019996.640167977,
    "renewable_levy": 2115513.909108717,
    "total": 14561085.180346975,
    "peak_demand_kW": 174.35517634911153,
    "annual_buy_kWh": 531536.1580675169
  },
  "market_linked": {
    "basic_charge": 6118727.039999999,
    "energy_charge": 6623236.343791684,
    "renewable_levy": 2116102.598694242,
    "total": 14858065.982485926,
    "peak_demand_kW": 211.99999999999997,
    "annual_buy_kWh": 531684.0700236789
  },
  "cheaper_plan": "hokkaido_basic",
  "experiment_params": {
    "horizon": 96,
    "horizon_hours": 48.0,
    "bF_max_kWh": 645.0,
    "time_limit_per_step": 10.0,
    "total_steps": 17520
  },
  "timing": {
    "hokkaido_basic_seconds": 1138.9902558326721,
    "market_linked_seconds": 1090.252196073532,
    "total_seconds": 2234.1664929389954,
    "total_minutes": 37.23610821564992
  }
}