{
  "hokkaido_basic": {
    "basic_charge": 7561823.039999999,
    "energy_charge": 12703526.370000001,
    "fuel_adjustment": -4514399.720000001,
    "renewable_levy": 2350536.26,
    "total": 18101485.95,
    "peak_demand_kW": 262.0,
    "annual_buy_kWh": 590587.0
  },
  "market_linked": {
    "basic_charge": 7561823.039999999,
    "energy_charge": 7510372.69,
    "renewable_levy": 2350536.2600000002,
    "total": 17422731.990000002,
    "peak_demand_kW": 262.0,
    "annual_buy_kWh": 590587.0
  },
  "cheaper_plan": "market_linked",
  "experiment_params": {
    "horizon": 96,
    "horizon_hours": 48.0,
    "bF_max_kWh": 0.0,
    "time_limit_per_step": 10.0,
    "total_steps": 17520
  },
  "timing": {
    "hokkaido_basic_seconds": 194.3617091178894,
    "market_linked_seconds": 189.87047600746155,
    "total_seconds": 388.95201802253723,
    "total_minutes": 6.482533633708954
  }
}