{
  "hokkaido_basic": {
    "basic_charge": 4814924.112362557,
    "energy_charge": 11433156.843286427,
    "fuel_adjustment": -4019733.721208943,
    "renewable_levy": 2115479.5088926065,
    "total": 14343826.743332649,
    "peak_demand_kW": 166.826188706869,
    "annual_buy_kWh": 531527.5147971374
  },
  "market_linked": {
    "basic_charge": 6293481.011528771,
    "energy_charge": 6615247.010189813,
    "renewable_levy": 2114803.6909253583,
    "total": 15023531.712643942,
    "peak_demand_kW": 218.05482835267966,
    "annual_buy_kWh": 531357.7112877785
  },
  "cheaper_plan": "hokkaido_basic",
  "experiment_params": {
    "horizon": 96,
    "horizon_hours": 48.0,
    "bF_max_kWh": 860,
    "time_limit_per_step": 10.0,
    "total_steps": 17520
  },
  "timing": {
    "hokkaido_basic_seconds": 965.0142891407013,
    "market_linked_seconds": 984.0918231010437,
    "total_seconds": 1993.6448171138763,
    "total_minutes": 33.227413618564604
  }
}