{
  "hokkaido_basic": {
    "basic_charge": 4542723.481932181,
    "energy_charge": 11433706.877290644,
    "fuel_adjustment": -4019435.6136085005,
    "renewable_levy": 2115581.281804591,
    "total": 14072576.027418917,
    "peak_demand_kW": 157.39505486579483,
    "annual_buy_kWh": 531553.0858805504
  },
  "market_linked": {
    "basic_charge": 6569750.0967518,
    "energy_charge": 6606828.298861042,
    "renewable_levy": 2113916.247170299,
    "total": 15290494.64278314,
    "peak_demand_kW": 227.62692491531402,
    "annual_buy_kWh": 531134.7354699243
  },
  "cheaper_plan": "hokkaido_basic",
  "experiment_params": {
    "horizon": 96,
    "horizon_hours": 48.0,
    "bF_max_kWh": 1720.0,
    "time_limit_per_step": 10.0,
    "total_steps": 17520
  },
  "timing": {
    "hokkaido_basic_seconds": 960.2003350257874,
    "market_linked_seconds": 1089.3231041431427,
    "total_seconds": 2072.2400999069214,
    "total_minutes": 34.53733499844869
  }
}