{
  "hokkaido_basic": {
    "basic_charge": 4542723.481932181,
    "energy_charge": 11436265.581890577,
    "fuel_adjustment": -4020589.10452218,
    "renewable_levy": 2116054.7194758016,
    "total": 14074454.67877638,
    "peak_demand_kW": 157.39505486579486,
    "annual_buy_kWh": 531672.0400692968
  },
  "market_linked": {
    "basic_charge": 6397195.7842069315,
    "energy_charge": 6613166.560353564,
    "renewable_levy": 2114703.7987804716,
    "total": 15125066.143340968,
    "peak_demand_kW": 221.64830975232871,
    "annual_buy_kWh": 531332.6127589125
  },
  "cheaper_plan": "hokkaido_basic",
  "experiment_params": {
    "horizon": 96,
    "horizon_hours": 48.0,
    "bF_max_kWh": 1290.0,
    "time_limit_per_step": 10.0,
    "total_steps": 17520
  },
  "timing": {
    "hokkaido_basic_seconds": 1135.4997498989105,
    "market_linked_seconds": 1136.4040369987488,
    "total_seconds": 2277.1427829265594,
    "total_minutes": 37.95237971544266
  }
}