{
  "hokkaido_basic": {
    "basic_charge": 4933364.7211312875,
    "energy_charge": 11790411.873187063,
    "fuel_adjustment": -4148114.4136836207,
    "renewable_levy": 2181582.485136425,
    "total": 14757244.665771155,
    "peak_demand_kW": 170.92988689357077,
    "annual_buy_kWh": 548136.3027980968
  },
  "market_linked": {
    "basic_charge": 4933364.721131286,
    "energy_charge": 7444558.439301136,
    "renewable_levy": 2182201.721552384,
    "total": 14560124.881984804,
    "peak_demand_kW": 170.9298868935707,
    "annual_buy_kWh": 548291.8898372825
  },
  "difference": 197119.78378635086,
  "percent_diff": 1.3357492421573955,
  "cheaper_plan": "market_linked"
}