{
  "hokkaido_basic": {
    "basic_charge": 4814924.112362554,
    "energy_charge": 11424918.54348284,
    "fuel_adjustment": -4016798.2173848916,
    "renewable_levy": 2113955.174479856,
    "total": 14336999.61294036,
    "peak_demand_kW": 166.8261887068689,
    "annual_buy_kWh": 531144.5162009688
  },
  "market_linked": {
    "basic_charge": 6153091.359107594,
    "energy_charge": 6580000.894835832,
    "renewable_levy": 2114863.27598298,
    "total": 14847955.529926404,
    "peak_demand_kW": 213.19064563645088,
    "annual_buy_kWh": 531372.682407784
  },
  "cheaper_plan": "hokkaido_basic",
  "experiment_params": {
    "horizon": 144,
    "horizon_hours": 72.0,
    "bF_max_kWh": 860,
    "time_limit_per_step": 10.0,
    "total_steps": 17520
  },
  "timing": {
    "hokkaido_basic_seconds": 1938.7663238048553,
    "market_linked_seconds": 1673.3309450149536,
    "total_seconds": 3637.0703649520874,
    "total_minutes": 60.617839415868126
  }
}